file,predicted_id,prediction_score,prediction_margin
C:/Users/harmera/OneDrive - MWLR/Documents/data/tephritidML/img_unk_sort\trupanea\NZAC04253954.png,trupanea_longipennis,0.411364079,1.248077869
C:/Users/harmera/OneDrive - MWLR/Documents/data/tephritidML/img_unk_sort\trupanea\NZAC04253955.png,trupanea_centralis,0.761430085,6.570519447
C:/Users/harmera/OneDrive - MWLR/Documents/data/tephritidML/img_unk_sort\trupanea\NZAC04253956.png,trupanea_centralis,0.742078304,6.838891029
C:/Users/harmera/OneDrive - MWLR/Documents/data/tephritidML/img_unk_sort\trupanea\NZAC04253957.png,trupanea_centralis,0.769077957,6.662637234
C:/Users/harmera/OneDrive - MWLR/Documents/data/tephritidML/img_unk_sort\trupanea\NZAC04253958.png,trupanea_centralis,0.397220552,1.250748754
C:/Users/harmera/OneDrive - MWLR/Documents/data/tephritidML/img_unk_sort\trupanea\NZAC04253959.png,trupanea_centralis,0.769274533,12.95949364
C:/Users/harmera/OneDrive - MWLR/Documents/data/tephritidML/img_unk_sort\trupanea\NZAC04253960.png,trupanea_centralis,0.62108773,2.056920052
C:/Users/harmera/OneDrive - MWLR/Documents/data/tephritidML/img_unk_sort\trupanea\NZAC04253962.png,dacus_distinctus,0.934935749,41.52729797
C:/Users/harmera/OneDrive - MWLR/Documents/data/tephritidML/img_unk_sort\trupanea\NZAC04253963.png,trupanea_centralis,0.625151098,4.065851212
C:/Users/harmera/OneDrive - MWLR/Documents/data/tephritidML/img_unk_sort\trupanea\NZAC04253964.png,dacus_distinctus,0.48424691,1.250043869
C:/Users/harmera/OneDrive - MWLR/Documents/data/tephritidML/img_unk_sort\trupanea\NZAC04253965.png,trupanea_longipennis,0.499653637,1.516529441
C:/Users/harmera/OneDrive - MWLR/Documents/data/tephritidML/img_unk_sort\trupanea\NZAC04253966.png,trupanea_fenwicki,0.536825895,3.575864553
C:/Users/harmera/OneDrive - MWLR/Documents/data/tephritidML/img_unk_sort\trupanea\NZAC04253967.png,austrotephritis_marginata,0.352467507,1.360584974
C:/Users/harmera/OneDrive - MWLR/Documents/data/tephritidML/img_unk_sort\trupanea\NZAC04253968.png,austrotephritis_marginata,0.392058641,1.668889046
C:/Users/harmera/OneDrive - MWLR/Documents/data/tephritidML/img_unk_sort\trupanea\NZAC04253969.png,sphenella_fascigera,0.317241907,1.388294697
C:/Users/harmera/OneDrive - MWLR/Documents/data/tephritidML/img_unk_sort\trupanea\NZAC04253970.png,austrotephritis_plebeia,0.358873308,1.18922174
C:/Users/harmera/OneDrive - MWLR/Documents/data/tephritidML/img_unk_sort\trupanea\NZAC04253971.png,trupanea_centralis,0.752515554,11.58623123
C:/Users/harmera/OneDrive - MWLR/Documents/data/tephritidML/img_unk_sort\trupanea\NZAC04253972.png,trupanea_fenwicki,0.585569322,5.335446358
C:/Users/harmera/OneDrive - MWLR/Documents/data/tephritidML/img_unk_sort\trupanea\NZAC04253973.png,sphenella_fascigera,0.797286987,13.82706451
C:/Users/harmera/OneDrive - MWLR/Documents/data/tephritidML/img_unk_sort\trupanea\NZAC04253974.png,trupanea_centralis,0.704829276,8.172927856
C:/Users/harmera/OneDrive - MWLR/Documents/data/tephritidML/img_unk_sort\trupanea\NZAC04253975.png,trupanea_fenwicki,0.386916876,1.029719472
C:/Users/harmera/OneDrive - MWLR/Documents/data/tephritidML/img_unk_sort\trupanea\NZAC04253976.png,trupanea_centralis,0.441828907,1.430531502
C:/Users/harmera/OneDrive - MWLR/Documents/data/tephritidML/img_unk_sort\trupanea\NZAC04253977.png,trupanea_longipennis,0.690278471,3.95515132
C:/Users/harmera/OneDrive - MWLR/Documents/data/tephritidML/img_unk_sort\trupanea\NZAC04253978.png,trupanea_fenwicki,0.94893229,63.49337387
C:/Users/harmera/OneDrive - MWLR/Documents/data/tephritidML/img_unk_sort\trupanea\NZAC04253979.png,trupanea_fenwicki,0.972864211,94.58496094
C:/Users/harmera/OneDrive - MWLR/Documents/data/tephritidML/img_unk_sort\trupanea\NZAC04253980.png,trupanea_centralis,0.553145111,2.0318048
C:/Users/harmera/OneDrive - MWLR/Documents/data/tephritidML/img_unk_sort\trupanea\NZAC04253981.png,trupanea_centralis,0.628903389,2.301383734
C:/Users/harmera/OneDrive - MWLR/Documents/data/tephritidML/img_unk_sort\trupanea\NZAC04253982.png,trupanea_centralis,0.669480145,4.427787304
C:/Users/harmera/OneDrive - MWLR/Documents/data/tephritidML/img_unk_sort\trupanea\NZAC04253983.png,trupanea_centralis,0.537431359,2.159610271
C:/Users/harmera/OneDrive - MWLR/Documents/data/tephritidML/img_unk_sort\trupanea\NZAC04253984.png,trupanea_centralis,0.482449651,2.338968754
C:/Users/harmera/OneDrive - MWLR/Documents/data/tephritidML/img_unk_sort\trupanea\NZAC04253985.png,trupanea_extensa,0.827197969,7.21332407
C:/Users/harmera/OneDrive - MWLR/Documents/data/tephritidML/img_unk_sort\trupanea\NZAC04253986.png,trupanea_centralis,0.483218968,2.361670017
C:/Users/harmera/OneDrive - MWLR/Documents/data/tephritidML/img_unk_sort\trupanea\NZAC04253987.png,trupanea_longipennis,0.42276752,1.741657376
C:/Users/harmera/OneDrive - MWLR/Documents/data/tephritidML/img_unk_sort\trupanea\NZAC04253988.png,trupanea_longipennis,0.491739273,1.636893749
C:/Users/harmera/OneDrive - MWLR/Documents/data/tephritidML/img_unk_sort\trupanea\NZAC04253989.png,trupanea_centralis,0.929054141,18.37837601
C:/Users/harmera/OneDrive - MWLR/Documents/data/tephritidML/img_unk_sort\trupanea\NZAC04253990.png,trupanea_centralis,0.786093473,11.78454208
C:/Users/harmera/OneDrive - MWLR/Documents/data/tephritidML/img_unk_sort\trupanea\NZAC04253991.png,trupanea_centralis,0.628595352,3.790151596
C:/Users/harmera/OneDrive - MWLR/Documents/data/tephritidML/img_unk_sort\trupanea\NZAC04253992.png,trupanea_centralis,0.515561521,1.399864197
C:/Users/harmera/OneDrive - MWLR/Documents/data/tephritidML/img_unk_sort\trupanea\NZAC04253993.png,trupanea_centralis,0.760236859,6.52797699
C:/Users/harmera/OneDrive - MWLR/Documents/data/tephritidML/img_unk_sort\trupanea\NZAC04253994.png,trupanea_centralis,0.645510077,3.291020155
C:/Users/harmera/OneDrive - MWLR/Documents/data/tephritidML/img_unk_sort\trupanea\NZAC04253995.png,trupanea_centralis,0.521380603,1.575259566
C:/Users/harmera/OneDrive - MWLR/Documents/data/tephritidML/img_unk_sort\trupanea\NZAC04253996.png,trupanea_centralis,0.806160986,19.66436005
C:/Users/harmera/OneDrive - MWLR/Documents/data/tephritidML/img_unk_sort\trupanea\NZAC04253997.png,trupanea_centralis,0.426893353,1.001016617
C:/Users/harmera/OneDrive - MWLR/Documents/data/tephritidML/img_unk_sort\trupanea\NZAC04253998.png,trupanea_centralis,0.815371871,11.40014648
C:/Users/harmera/OneDrive - MWLR/Documents/data/tephritidML/img_unk_sort\trupanea\NZAC04253999.png,trupanea_centralis,0.773878515,6.34160471
C:/Users/harmera/OneDrive - MWLR/Documents/data/tephritidML/img_unk_sort\trupanea\NZAC04254000.png,trupanea_centralis,0.31601128,1.358130932
C:/Users/harmera/OneDrive - MWLR/Documents/data/tephritidML/img_unk_sort\trupanea\NZAC04254001.png,trupanea_centralis,0.693367779,2.966958046
C:/Users/harmera/OneDrive - MWLR/Documents/data/tephritidML/img_unk_sort\trupanea\NZAC04254002.png,trupanea_centralis,0.532749891,3.724972725
C:/Users/harmera/OneDrive - MWLR/Documents/data/tephritidML/img_unk_sort\trupanea\NZAC04254005.png,trupanea_alboapicata,0.636943758,2.588579655
C:/Users/harmera/OneDrive - MWLR/Documents/data/tephritidML/img_unk_sort\trupanea\NZAC04254006.png,trupanea_longipennis,0.609236836,2.043020964
C:/Users/harmera/OneDrive - MWLR/Documents/data/tephritidML/img_unk_sort\trupanea\NZAC04254007.png,trupanea_centralis,0.281033725,1.05932498
C:/Users/harmera/OneDrive - MWLR/Documents/data/tephritidML/img_unk_sort\trupanea\NZAC04254008.png,trupanea_centralis,0.581349134,2.238553047
C:/Users/harmera/OneDrive - MWLR/Documents/data/tephritidML/img_unk_sort\trupanea\NZAC04254009.png,trupanea_centralis,0.670640409,3.557748079
C:/Users/harmera/OneDrive - MWLR/Documents/data/tephritidML/img_unk_sort\trupanea\NZAC04254011.png,trupanea_fenwicki,0.683689058,7.60530138
C:/Users/harmera/OneDrive - MWLR/Documents/data/tephritidML/img_unk_sort\trupanea\NZAC04254012.png,sphenella_fascigera,0.290886402,2.414463043
C:/Users/harmera/OneDrive - MWLR/Documents/data/tephritidML/img_unk_sort\trupanea\NZAC04254013.png,trupanea_centralis,0.487900496,3.194189548
C:/Users/harmera/OneDrive - MWLR/Documents/data/tephritidML/img_unk_sort\trupanea\NZAC04254014.png,trupanea_fenwicki,0.615737379,3.564087868
C:/Users/harmera/OneDrive - MWLR/Documents/data/tephritidML/img_unk_sort\trupanea\NZAC04254015.png,trupanea_centralis,0.559411347,3.627641678
C:/Users/harmera/OneDrive - MWLR/Documents/data/tephritidML/img_unk_sort\trupanea\NZAC04254016.png,trupanea_extensa,0.561285496,1.650537252
C:/Users/harmera/OneDrive - MWLR/Documents/data/tephritidML/img_unk_sort\trupanea\NZAC04254017.png,trupanea_fenwicki,0.365190953,1.765753031
C:/Users/harmera/OneDrive - MWLR/Documents/data/tephritidML/img_unk_sort\trupanea\NZAC04254018.png,trupanea_centralis,0.151333466,1.183032513
C:/Users/harmera/OneDrive - MWLR/Documents/data/tephritidML/img_unk_sort\trupanea\NZAC04254019.png,trupanea_fenwicki,0.441689014,1.688871026
C:/Users/harmera/OneDrive - MWLR/Documents/data/tephritidML/img_unk_sort\trupanea\NZAC04254020.png,trupanea_centralis,0.484069347,2.289613485
C:/Users/harmera/OneDrive - MWLR/Documents/data/tephritidML/img_unk_sort\trupanea\NZAC04254021.png,urophora_cardui,0.265585482,1.142472744
C:/Users/harmera/OneDrive - MWLR/Documents/data/tephritidML/img_unk_sort\trupanea\NZAC04254022.png,trupanea_centralis,0.949179769,57.63673401
C:/Users/harmera/OneDrive - MWLR/Documents/data/tephritidML/img_unk_sort\trupanea\NZAC04254023.png,trupanea_centralis,0.534200907,1.706361294
C:/Users/harmera/OneDrive - MWLR/Documents/data/tephritidML/img_unk_sort\trupanea\NZAC04254024.png,trupanea_centralis,0.895179689,13.23246479
C:/Users/harmera/OneDrive - MWLR/Documents/data/tephritidML/img_unk_sort\trupanea\NZAC04254025.png,trupanea_centralis,0.784249663,17.38002968
C:/Users/harmera/OneDrive - MWLR/Documents/data/tephritidML/img_unk_sort\trupanea\NZAC04254026.png,trupanea_centralis,0.796963692,12.98679924
C:/Users/harmera/OneDrive - MWLR/Documents/data/tephritidML/img_unk_sort\trupanea\NZAC04254027.png,trupanea_centralis,0.579673052,3.29528904
C:/Users/harmera/OneDrive - MWLR/Documents/data/tephritidML/img_unk_sort\trupanea\NZAC04254028.png,trupanea_extensa,0.441994339,1.381121039
C:/Users/harmera/OneDrive - MWLR/Documents/data/tephritidML/img_unk_sort\trupanea\NZAC04254029.png,trupanea_centralis,0.684991181,3.774842501
C:/Users/harmera/OneDrive - MWLR/Documents/data/tephritidML/img_unk_sort\trupanea\NZAC04254030.png,trupanea_centralis,0.722641051,4.783019543
C:/Users/harmera/OneDrive - MWLR/Documents/data/tephritidML/img_unk_sort\trupanea\NZAC04254031.png,trupanea_centralis,0.43530944,2.073911428
C:/Users/harmera/OneDrive - MWLR/Documents/data/tephritidML/img_unk_sort\trupanea\NZAC04254032.png,trupanea_centralis,0.562402189,3.007563591
C:/Users/harmera/OneDrive - MWLR/Documents/data/tephritidML/img_unk_sort\trupanea\NZAC04254033.png,trupanea_centralis,0.835790038,10.02561092
C:/Users/harmera/OneDrive - MWLR/Documents/data/tephritidML/img_unk_sort\trupanea\NZAC04254034.png,trupanea_extensa,0.469894171,1.591308594
C:/Users/harmera/OneDrive - MWLR/Documents/data/tephritidML/img_unk_sort\trupanea\NZAC04254035.png,trupanea_centralis,0.900561631,11.18849182
C:/Users/harmera/OneDrive - MWLR/Documents/data/tephritidML/img_unk_sort\trupanea\NZAC04254036.png,trupanea_fenwicki,0.696577668,4.021971226
C:/Users/harmera/OneDrive - MWLR/Documents/data/tephritidML/img_unk_sort\trupanea\NZAC04254037.png,trupanea_centralis,0.454556048,1.968266249
C:/Users/harmera/OneDrive - MWLR/Documents/data/tephritidML/img_unk_sort\trupanea\NZAC04254038.png,trupanea_centralis,0.527189434,2.267818451
C:/Users/harmera/OneDrive - MWLR/Documents/data/tephritidML/img_unk_sort\trupanea\NZAC04254039.png,trupanea_centralis,0.795479059,4.222278595
C:/Users/harmera/OneDrive - MWLR/Documents/data/tephritidML/img_unk_sort\trupanea\NZAC04254040.png,trupanea_fenwicki,0.465820432,2.942218542
C:/Users/harmera/OneDrive - MWLR/Documents/data/tephritidML/img_unk_sort\trupanea\NZAC04254041.png,dacus_distinctus,0.387459755,1.331613064
C:/Users/harmera/OneDrive - MWLR/Documents/data/tephritidML/img_unk_sort\trupanea\NZAC04254042.png,trupanea_centralis,0.587794721,3.266558409
C:/Users/harmera/OneDrive - MWLR/Documents/data/tephritidML/img_unk_sort\trupanea\NZAC04254043.png,trupanea_centralis,0.553450763,3.59005332
C:/Users/harmera/OneDrive - MWLR/Documents/data/tephritidML/img_unk_sort\trupanea\NZAC04254044.png,trupanea_centralis,0.732925773,6.67690897
C:/Users/harmera/OneDrive - MWLR/Documents/data/tephritidML/img_unk_sort\trupanea\NZAC04254045.png,trupanea_extensa,0.506072044,1.460147023
C:/Users/harmera/OneDrive - MWLR/Documents/data/tephritidML/img_unk_sort\trupanea\NZAC04254046.png,trupanea_centralis,0.76394552,7.57321167
C:/Users/harmera/OneDrive - MWLR/Documents/data/tephritidML/img_unk_sort\trupanea\NZAC04254047.png,trupanea_centralis,0.769672334,4.696073055
C:/Users/harmera/OneDrive - MWLR/Documents/data/tephritidML/img_unk_sort\trupanea\NZAC04254048.png,urophora_cardui,0.529545426,2.518846273
C:/Users/harmera/OneDrive - MWLR/Documents/data/tephritidML/img_unk_sort\trupanea\NZAC04254049.png,trupanea_centralis,0.627396345,3.716864824
C:/Users/harmera/OneDrive - MWLR/Documents/data/tephritidML/img_unk_sort\trupanea\NZAC04254050.png,trupanea_centralis,0.425961226,2.584766865
C:/Users/harmera/OneDrive - MWLR/Documents/data/tephritidML/img_unk_sort\trupanea\NZAC04254051.png,trupanea_centralis,0.558743715,1.784252763
C:/Users/harmera/OneDrive - MWLR/Documents/data/tephritidML/img_unk_sort\trupanea\NZAC04254052.png,sphenella_fascigera,0.364117622,1.839597344
C:/Users/harmera/OneDrive - MWLR/Documents/data/tephritidML/img_unk_sort\trupanea\NZAC04254053.png,trupanea_centralis,0.811600924,9.457766533
C:/Users/harmera/OneDrive - MWLR/Documents/data/tephritidML/img_unk_sort\trupanea\NZAC04254054.png,trupanea_centralis,0.862905025,8.957932472
C:/Users/harmera/OneDrive - MWLR/Documents/data/tephritidML/img_unk_sort\trupanea\NZAC04254055.png,trupanea_centralis,0.530422449,1.642525673
C:/Users/harmera/OneDrive - MWLR/Documents/data/tephritidML/img_unk_sort\trupanea\NZAC04254056.png,trupanea_centralis,0.457942307,2.601477861
C:/Users/harmera/OneDrive - MWLR/Documents/data/tephritidML/img_unk_sort\trupanea\NZAC04254057.png,trupanea_centralis,0.794487834,27.15948296
C:/Users/harmera/OneDrive - MWLR/Documents/data/tephritidML/img_unk_sort\trupanea\NZAC04254058.png,trupanea_centralis,0.498772651,1.891974807
C:/Users/harmera/OneDrive - MWLR/Documents/data/tephritidML/img_unk_sort\trupanea\NZAC04254059.png,trupanea_alboapicata,0.502473354,2.181237221
C:/Users/harmera/OneDrive - MWLR/Documents/data/tephritidML/img_unk_sort\trupanea\NZAC04254060.png,dacus_distinctus,0.593297958,5.033027172
C:/Users/harmera/OneDrive - MWLR/Documents/data/tephritidML/img_unk_sort\trupanea\NZAC04254061.png,trupanea_centralis,0.654732406,9.920475006
C:/Users/harmera/OneDrive - MWLR/Documents/data/tephritidML/img_unk_sort\trupanea\NZAC04254062.png,trupanea_centralis,0.66817534,8.4484272
C:/Users/harmera/OneDrive - MWLR/Documents/data/tephritidML/img_unk_sort\trupanea\NZAC04254064.png,trupanea_centralis,0.51620394,2.526693583
C:/Users/harmera/OneDrive - MWLR/Documents/data/tephritidML/img_unk_sort\trupanea\NZAC04254065.png,trupanea_centralis,0.879879475,20.40363693
C:/Users/harmera/OneDrive - MWLR/Documents/data/tephritidML/img_unk_sort\trupanea\NZAC04254066.png,trupanea_centralis,0.947109997,21.42214966
C:/Users/harmera/OneDrive - MWLR/Documents/data/tephritidML/img_unk_sort\trupanea\NZAC04254067.png,trupanea_centralis,0.680291772,4.483083248
C:/Users/harmera/OneDrive - MWLR/Documents/data/tephritidML/img_unk_sort\trupanea\NZAC04254068.png,trupanea_longipennis,0.572446942,1.638013124
C:/Users/harmera/OneDrive - MWLR/Documents/data/tephritidML/img_unk_sort\trupanea\NZAC04254069.png,trupanea_centralis,0.657666743,2.644571781
C:/Users/harmera/OneDrive - MWLR/Documents/data/tephritidML/img_unk_sort\trupanea\NZAC04254071.png,trupanea_centralis,0.796072066,15.23133183
C:/Users/harmera/OneDrive - MWLR/Documents/data/tephritidML/img_unk_sort\trupanea\NZAC04254072.png,trupanea_centralis,0.445924461,1.265242577
C:/Users/harmera/OneDrive - MWLR/Documents/data/tephritidML/img_unk_sort\trupanea\NZAC04254073.png,trupanea_fenwicki,0.929472148,26.46548271
C:/Users/harmera/OneDrive - MWLR/Documents/data/tephritidML/img_unk_sort\trupanea\NZAC04254074.png,trupanea_fenwicki,0.648974717,5.553294182
C:/Users/harmera/OneDrive - MWLR/Documents/data/tephritidML/img_unk_sort\trupanea\NZAC04254075.png,trupanea_fenwicki,0.996357858,322.7125244
C:/Users/harmera/OneDrive - MWLR/Documents/data/tephritidML/img_unk_sort\trupanea\NZAC04254076.png,trupanea_fenwicki,0.989301383,304.5521851
C:/Users/harmera/OneDrive - MWLR/Documents/data/tephritidML/img_unk_sort\trupanea\NZAC04254077.png,trupanea_fenwicki,0.949863434,51.59423447
C:/Users/harmera/OneDrive - MWLR/Documents/data/tephritidML/img_unk_sort\trupanea\NZAC04254078.png,trupanea_fenwicki,0.997532725,1350.946045
C:/Users/harmera/OneDrive - MWLR/Documents/data/tephritidML/img_unk_sort\trupanea\NZAC04254079.png,trupanea_fenwicki,0.985558152,128.9953613
C:/Users/harmera/OneDrive - MWLR/Documents/data/tephritidML/img_unk_sort\trupanea\NZAC04254081.png,trupanea_fenwicki,0.955485642,28.53785706
C:/Users/harmera/OneDrive - MWLR/Documents/data/tephritidML/img_unk_sort\trupanea\NZAC04254082.png,trupanea_fenwicki,0.856040359,10.59134579
C:/Users/harmera/OneDrive - MWLR/Documents/data/tephritidML/img_unk_sort\trupanea\NZAC04254083.png,trupanea_fenwicki,0.981024504,74.55654144
C:/Users/harmera/OneDrive - MWLR/Documents/data/tephritidML/img_unk_sort\trupanea\NZAC04254084.png,trupanea_fenwicki,0.961673856,104.9170074
C:/Users/harmera/OneDrive - MWLR/Documents/data/tephritidML/img_unk_sort\trupanea\NZAC04254085.png,trupanea_centralis,0.369682878,1.752845168
C:/Users/harmera/OneDrive - MWLR/Documents/data/tephritidML/img_unk_sort\trupanea\NZAC04254086.png,trupanea_centralis,0.490814388,1.699857712
C:/Users/harmera/OneDrive - MWLR/Documents/data/tephritidML/img_unk_sort\trupanea\NZAC04254087.png,trupanea_centralis,0.510356128,1.305241823
C:/Users/harmera/OneDrive - MWLR/Documents/data/tephritidML/img_unk_sort\trupanea\NZAC04254088.png,trupanea_fenwicki,0.5784778,2.050454378
C:/Users/harmera/OneDrive - MWLR/Documents/data/tephritidML/img_unk_sort\trupanea\NZAC04254089.png,trupanea_extensa,0.721663117,3.576871157
C:/Users/harmera/OneDrive - MWLR/Documents/data/tephritidML/img_unk_sort\trupanea\NZAC04254090.png,trupanea_extensa,0.305735737,1.184651971
C:/Users/harmera/OneDrive - MWLR/Documents/data/tephritidML/img_unk_sort\trupanea\NZAC04254091.png,trupanea_centralis,0.766410053,4.335682392
C:/Users/harmera/OneDrive - MWLR/Documents/data/tephritidML/img_unk_sort\trupanea\NZAC04254092.png,trupanea_centralis,0.653436184,5.30115366
C:/Users/harmera/OneDrive - MWLR/Documents/data/tephritidML/img_unk_sort\trupanea\NZAC04254093.png,urophora_cardui,0.846897662,15.0080452
C:/Users/harmera/OneDrive - MWLR/Documents/data/tephritidML/img_unk_sort\trupanea\NZAC04254094.png,urophora_cardui,0.451265454,1.304359436
C:/Users/harmera/OneDrive - MWLR/Documents/data/tephritidML/img_unk_sort\trupanea\NZAC04254095.png,trupanea_centralis,0.596014142,3.161129951
C:/Users/harmera/OneDrive - MWLR/Documents/data/tephritidML/img_unk_sort\trupanea\NZAC04254096.png,trupanea_fenwicki,0.697496533,5.92105484
C:/Users/harmera/OneDrive - MWLR/Documents/data/tephritidML/img_unk_sort\trupanea\NZAC04254097.png,trupanea_fenwicki,0.365198612,1.346416712
C:/Users/harmera/OneDrive - MWLR/Documents/data/tephritidML/img_unk_sort\trupanea\NZAC04254098.png,trupanea_alboapicata,0.453460872,1.217334032
C:/Users/harmera/OneDrive - MWLR/Documents/data/tephritidML/img_unk_sort\trupanea\NZAC04254099.png,trupanea_fenwicki,0.877177238,18.58004761
C:/Users/harmera/OneDrive - MWLR/Documents/data/tephritidML/img_unk_sort\trupanea\NZAC04254100.png,trupanea_centralis,0.437323898,1.569025636
C:/Users/harmera/OneDrive - MWLR/Documents/data/tephritidML/img_unk_sort\trupanea\NZAC04254101.png,trupanea_centralis,0.680662572,3.427882195
C:/Users/harmera/OneDrive - MWLR/Documents/data/tephritidML/img_unk_sort\trupanea\NZAC04254102.png,urophora_cardui,0.319722384,1.295592546
C:/Users/harmera/OneDrive - MWLR/Documents/data/tephritidML/img_unk_sort\trupanea\NZAC04254104.png,trupanea_centralis,0.574867606,4.16262722
C:/Users/harmera/OneDrive - MWLR/Documents/data/tephritidML/img_unk_sort\trupanea\NZAC04254105.png,trupanea_centralis,0.635002673,5.182005405
C:/Users/harmera/OneDrive - MWLR/Documents/data/tephritidML/img_unk_sort\trupanea\NZAC04254106.png,trupanea_fenwicki,0.98082459,65.01172638
C:/Users/harmera/OneDrive - MWLR/Documents/data/tephritidML/img_unk_sort\trupanea\NZAC04254107.png,trupanea_fenwicki,0.904164076,37.97880173
C:/Users/harmera/OneDrive - MWLR/Documents/data/tephritidML/img_unk_sort\trupanea\NZAC04254108.png,trupanea_centralis,0.315424621,1.602028012
C:/Users/harmera/OneDrive - MWLR/Documents/data/tephritidML/img_unk_sort\trupanea\NZAC04254109.png,trupanea_extensa,0.699973762,4.533435822
C:/Users/harmera/OneDrive - MWLR/Documents/data/tephritidML/img_unk_sort\trupanea\NZAC04254110.png,trupanea_centralis,0.527065694,1.8158952
C:/Users/harmera/OneDrive - MWLR/Documents/data/tephritidML/img_unk_sort\trupanea\NZAC04254111.png,dacus_distinctus,0.492196828,1.54220593
C:/Users/harmera/OneDrive - MWLR/Documents/data/tephritidML/img_unk_sort\trupanea\NZAC04254112.png,trupanea_extensa,0.555568099,1.558140874
C:/Users/harmera/OneDrive - MWLR/Documents/data/tephritidML/img_unk_sort\trupanea\NZAC04254114.png,trupanea_centralis,0.704259217,7.862866402
C:/Users/harmera/OneDrive - MWLR/Documents/data/tephritidML/img_unk_sort\trupanea\NZAC04254115.png,trupanea_centralis,0.584272325,2.778105497
C:/Users/harmera/OneDrive - MWLR/Documents/data/tephritidML/img_unk_sort\trupanea\NZAC04254116.png,trupanea_centralis,0.82734704,10.97641754
C:/Users/harmera/OneDrive - MWLR/Documents/data/tephritidML/img_unk_sort\trupanea\NZAC04254117.png,trupanea_centralis,0.678277552,4.543674946
C:/Users/harmera/OneDrive - MWLR/Documents/data/tephritidML/img_unk_sort\trupanea\NZAC04254118.png,urophora_cardui,0.437730521,1.537083626
C:/Users/harmera/OneDrive - MWLR/Documents/data/tephritidML/img_unk_sort\trupanea\NZAC04254119.png,trupanea_centralis,0.398934871,1.492646694
C:/Users/harmera/OneDrive - MWLR/Documents/data/tephritidML/img_unk_sort\trupanea\NZAC04254120.png,trupanea_centralis,0.429820567,1.517853737
C:/Users/harmera/OneDrive - MWLR/Documents/data/tephritidML/img_unk_sort\trupanea\NZAC04254121.png,sphenella_fascigera,0.304240733,1.019968271
C:/Users/harmera/OneDrive - MWLR/Documents/data/tephritidML/img_unk_sort\trupanea\NZAC04254122.png,sphenella_fascigera,0.295131892,1.19745636
C:/Users/harmera/OneDrive - MWLR/Documents/data/tephritidML/img_unk_sort\trupanea\NZAC04254123.png,dacus_distinctus,0.603918314,3.371819258
C:/Users/harmera/OneDrive - MWLR/Documents/data/tephritidML/img_unk_sort\trupanea\NZAC04254124.png,trupanea_centralis,0.859081089,19.02937698
C:/Users/harmera/OneDrive - MWLR/Documents/data/tephritidML/img_unk_sort\trupanea\NZAC04254125.png,trupanea_centralis,0.401577085,1.567777991
C:/Users/harmera/OneDrive - MWLR/Documents/data/tephritidML/img_unk_sort\trupanea\NZAC04254127.png,trupanea_centralis,0.733369172,4.534189701
C:/Users/harmera/OneDrive - MWLR/Documents/data/tephritidML/img_unk_sort\trupanea\NZAC04254128.png,trupanea_centralis,0.668400705,2.567045689
C:/Users/harmera/OneDrive - MWLR/Documents/data/tephritidML/img_unk_sort\trupanea\NZAC04254129.png,trupanea_centralis,0.41926685,2.264289141
C:/Users/harmera/OneDrive - MWLR/Documents/data/tephritidML/img_unk_sort\trupanea\NZAC04254130.png,trupanea_centralis,0.423202783,1.615250826
C:/Users/harmera/OneDrive - MWLR/Documents/data/tephritidML/img_unk_sort\trupanea\NZAC04254131.png,trupanea_centralis,0.490690142,1.292680621
C:/Users/harmera/OneDrive - MWLR/Documents/data/tephritidML/img_unk_sort\trupanea\NZAC04254132.png,trupanea_centralis,0.808951974,10.20867443
C:/Users/harmera/OneDrive - MWLR/Documents/data/tephritidML/img_unk_sort\trupanea\NZAC04254133.png,trupanea_centralis,0.855641186,11.64009285
C:/Users/harmera/OneDrive - MWLR/Documents/data/tephritidML/img_unk_sort\trupanea\NZAC04254134.png,trupanea_extensa,0.834006786,13.73892879
C:/Users/harmera/OneDrive - MWLR/Documents/data/tephritidML/img_unk_sort\trupanea\NZAC04254135.png,trupanea_centralis,0.614146769,3.891030788
C:/Users/harmera/OneDrive - MWLR/Documents/data/tephritidML/img_unk_sort\trupanea\NZAC04254136.png,trupanea_centralis,0.322507054,1.035827756
C:/Users/harmera/OneDrive - MWLR/Documents/data/tephritidML/img_unk_sort\trupanea\NZAC04254137.png,trupanea_extensa,0.518468618,1.804540515
C:/Users/harmera/OneDrive - MWLR/Documents/data/tephritidML/img_unk_sort\trupanea\NZAC04254138.png,trupanea_centralis,0.966500878,69.38665771
C:/Users/harmera/OneDrive - MWLR/Documents/data/tephritidML/img_unk_sort\trupanea\NZAC04254139.png,trupanea_extensa,0.56881845,1.789758444
C:/Users/harmera/OneDrive - MWLR/Documents/data/tephritidML/img_unk_sort\trupanea\NZAC04254140.png,trupanea_longipennis,0.670400143,2.714818239
C:/Users/harmera/OneDrive - MWLR/Documents/data/tephritidML/img_unk_sort\trupanea\NZAC04254141.png,trupanea_centralis,0.780766845,9.660561562
C:/Users/harmera/OneDrive - MWLR/Documents/data/tephritidML/img_unk_sort\trupanea\NZAC04254142.png,trupanea_centralis,0.5959512,2.036914825
C:/Users/harmera/OneDrive - MWLR/Documents/data/tephritidML/img_unk_sort\trupanea\NZAC04254143.png,trupanea_centralis,0.517587483,2.982221603
C:/Users/harmera/OneDrive - MWLR/Documents/data/tephritidML/img_unk_sort\trupanea\NZAC04254144.png,trupanea_centralis,0.822825074,5.77546072
C:/Users/harmera/OneDrive - MWLR/Documents/data/tephritidML/img_unk_sort\trupanea\NZAC04254145.png,trupanea_centralis,0.453718543,1.743865013
C:/Users/harmera/OneDrive - MWLR/Documents/data/tephritidML/img_unk_sort\trupanea\NZAC04254146.png,trupanea_centralis,0.672674119,3.176804543
C:/Users/harmera/OneDrive - MWLR/Documents/data/tephritidML/img_unk_sort\trupanea\NZAC04254148.png,trupanea_fenwicki,0.73960346,10.37840462
C:/Users/harmera/OneDrive - MWLR/Documents/data/tephritidML/img_unk_sort\trupanea\NZAC04254149.png,trupanea_fenwicki,0.610173166,2.163740873
C:/Users/harmera/OneDrive - MWLR/Documents/data/tephritidML/img_unk_sort\trupanea\NZAC04254150.png,trupanea_centralis,0.476439536,1.71536994
C:/Users/harmera/OneDrive - MWLR/Documents/data/tephritidML/img_unk_sort\trupanea\NZAC04254151.png,trupanea_extensa,0.495379329,1.408988714
C:/Users/harmera/OneDrive - MWLR/Documents/data/tephritidML/img_unk_sort\trupanea\NZAC04254154.png,trupanea_centralis,0.692752063,6.49152565
C:/Users/harmera/OneDrive - MWLR/Documents/data/tephritidML/img_unk_sort\trupanea\NZAC04254157.png,trupanea_extensa,0.882483184,26.53796577
C:/Users/harmera/OneDrive - MWLR/Documents/data/tephritidML/img_unk_sort\trupanea\NZAC04254158.png,trupanea_extensa,0.826167643,5.55822897
C:/Users/harmera/OneDrive - MWLR/Documents/data/tephritidML/img_unk_sort\trupanea\NZAC04254159.png,trupanea_extensa,0.774466753,6.844084263
C:/Users/harmera/OneDrive - MWLR/Documents/data/tephritidML/img_unk_sort\trupanea\NZAC04254160.png,trupanea_extensa,0.531798959,2.577527761
C:/Users/harmera/OneDrive - MWLR/Documents/data/tephritidML/img_unk_sort\trupanea\NZAC04254161.png,trupanea_centralis,0.931126416,19.74930954
C:/Users/harmera/OneDrive - MWLR/Documents/data/tephritidML/img_unk_sort\trupanea\NZAC04254162.png,trupanea_fenwicki,0.838950634,7.561346531
C:/Users/harmera/OneDrive - MWLR/Documents/data/tephritidML/img_unk_sort\trupanea\NZAC04254163.png,trupanea_extensa,0.465349197,1.156492472
C:/Users/harmera/OneDrive - MWLR/Documents/data/tephritidML/img_unk_sort\trupanea\NZAC04254164.png,trupanea_centralis,0.736071289,5.723221779
C:/Users/harmera/OneDrive - MWLR/Documents/data/tephritidML/img_unk_sort\trupanea\NZAC04254165.png,trupanea_centralis,0.703109443,4.799341202
C:/Users/harmera/OneDrive - MWLR/Documents/data/tephritidML/img_unk_sort\trupanea\NZAC04254166.png,trupanea_centralis,0.483529806,1.07818675
C:/Users/harmera/OneDrive - MWLR/Documents/data/tephritidML/img_unk_sort\trupanea\NZAC04254167.png,trupanea_centralis,0.716756225,3.868886948
C:/Users/harmera/OneDrive - MWLR/Documents/data/tephritidML/img_unk_sort\trupanea\NZAC04254168.png,trupanea_centralis,0.811102509,4.732980728
C:/Users/harmera/OneDrive - MWLR/Documents/data/tephritidML/img_unk_sort\trupanea\NZAC04254169.png,trupanea_extensa,0.67208153,4.886387825
C:/Users/harmera/OneDrive - MWLR/Documents/data/tephritidML/img_unk_sort\trupanea\NZAC04254170.png,trupanea_centralis,0.924049258,31.80340767
C:/Users/harmera/OneDrive - MWLR/Documents/data/tephritidML/img_unk_sort\trupanea\NZAC04254171.png,trupanea_extensa,0.585850179,2.522622347
C:/Users/harmera/OneDrive - MWLR/Documents/data/tephritidML/img_unk_sort\trupanea\NZAC04254172.png,trupanea_extensa,0.396699756,1.052664042
C:/Users/harmera/OneDrive - MWLR/Documents/data/tephritidML/img_unk_sort\trupanea\NZAC04254173.png,trupanea_centralis,0.498996556,1.193462014
C:/Users/harmera/OneDrive - MWLR/Documents/data/tephritidML/img_unk_sort\trupanea\NZAC04254174.png,trupanea_centralis,0.542398691,2.868808508
C:/Users/harmera/OneDrive - MWLR/Documents/data/tephritidML/img_unk_sort\trupanea\NZAC04254175.png,trupanea_extensa,0.872887731,14.44305611
C:/Users/harmera/OneDrive - MWLR/Documents/data/tephritidML/img_unk_sort\trupanea\NZAC04254176.png,trupanea_extensa,0.789481699,10.5584774
C:/Users/harmera/OneDrive - MWLR/Documents/data/tephritidML/img_unk_sort\trupanea\NZAC04254177.png,trupanea_longipennis,0.862939775,11.17557526
C:/Users/harmera/OneDrive - MWLR/Documents/data/tephritidML/img_unk_sort\trupanea\NZAC04254179.png,trupanea_longipennis,0.983704746,142.8819122
C:/Users/harmera/OneDrive - MWLR/Documents/data/tephritidML/img_unk_sort\trupanea\NZAC04254180.png,trupanea_centralis,0.665418088,2.750695229
C:/Users/harmera/OneDrive - MWLR/Documents/data/tephritidML/img_unk_sort\trupanea\NZAC04254181.png,trupanea_centralis,0.25615111,1.162746668
C:/Users/harmera/OneDrive - MWLR/Documents/data/tephritidML/img_unk_sort\trupanea\NZAC04254182.png,trupanea_centralis,0.573753238,2.528375626
C:/Users/harmera/OneDrive - MWLR/Documents/data/tephritidML/img_unk_sort\trupanea\NZAC04254183.png,trupanea_centralis,0.525157571,3.148434877
C:/Users/harmera/OneDrive - MWLR/Documents/data/tephritidML/img_unk_sort\trupanea\NZAC04254184.png,trupanea_extensa,0.775089443,8.640455246
C:/Users/harmera/OneDrive - MWLR/Documents/data/tephritidML/img_unk_sort\trupanea\NZAC04254185.png,trupanea_centralis,0.631098211,4.116742611
C:/Users/harmera/OneDrive - MWLR/Documents/data/tephritidML/img_unk_sort\trupanea\NZAC04254186.png,trupanea_centralis,0.585946143,3.489974976
C:/Users/harmera/OneDrive - MWLR/Documents/data/tephritidML/img_unk_sort\trupanea\NZAC04254187.png,sphenella_fascigera,0.382313222,2.512853861
C:/Users/harmera/OneDrive - MWLR/Documents/data/tephritidML/img_unk_sort\trupanea\NZAC04254188.png,austrotephritis_cassiniae,0.921058118,16.67723274
C:/Users/harmera/OneDrive - MWLR/Documents/data/tephritidML/img_unk_sort\trupanea\NZAC04254189.png,austrotephritis_cassiniae,0.976336718,60.50571823
C:/Users/harmera/OneDrive - MWLR/Documents/data/tephritidML/img_unk_sort\trupanea\NZAC04254190.png,trupanea_fenwicki,0.729161441,3.021977186
C:/Users/harmera/OneDrive - MWLR/Documents/data/tephritidML/img_unk_sort\trupanea\NZAC04254191.png,trupanea_extensa,0.492775083,2.076081991
C:/Users/harmera/OneDrive - MWLR/Documents/data/tephritidML/img_unk_sort\trupanea\NZAC04254192.png,trupanea_fenwicki,0.989414692,176.2026215
C:/Users/harmera/OneDrive - MWLR/Documents/data/tephritidML/img_unk_sort\trupanea\NZAC04254193.png,trupanea_centralis,0.697875082,3.632704258
C:/Users/harmera/OneDrive - MWLR/Documents/data/tephritidML/img_unk_sort\trupanea\NZAC04254194.png,trupanea_centralis,0.69708848,4.698449612
C:/Users/harmera/OneDrive - MWLR/Documents/data/tephritidML/img_unk_sort\trupanea\NZAC04254195.png,trupanea_longipennis,0.965283275,114.686821
C:/Users/harmera/OneDrive - MWLR/Documents/data/tephritidML/img_unk_sort\trupanea\NZAC04254196.png,trupanea_longipennis,0.98584497,191.2854767
C:/Users/harmera/OneDrive - MWLR/Documents/data/tephritidML/img_unk_sort\trupanea\NZAC04254197.png,trupanea_longipennis,0.681974709,2.665826559
C:/Users/harmera/OneDrive - MWLR/Documents/data/tephritidML/img_unk_sort\trupanea\NZAC04254198.png,trupanea_centralis,0.478913575,1.147646546
C:/Users/harmera/OneDrive - MWLR/Documents/data/tephritidML/img_unk_sort\trupanea\NZAC04254199.png,trupanea_extensa,0.740189314,2.976014376
C:/Users/harmera/OneDrive - MWLR/Documents/data/tephritidML/img_unk_sort\trupanea\NZAC04254200.png,trupanea_extensa,0.756683886,6.409367085
C:/Users/harmera/OneDrive - MWLR/Documents/data/tephritidML/img_unk_sort\trupanea\NZAC04254201.png,trupanea_extensa,0.861993015,7.216487408
C:/Users/harmera/OneDrive - MWLR/Documents/data/tephritidML/img_unk_sort\trupanea\NZAC04254202.png,trupanea_centralis,0.36165607,1.695976257
C:/Users/harmera/OneDrive - MWLR/Documents/data/tephritidML/img_unk_sort\trupanea\NZAC04254203.png,trupanea_extensa,0.733796656,3.963667154
C:/Users/harmera/OneDrive - MWLR/Documents/data/tephritidML/img_unk_sort\trupanea\NZAC04254204.png,trupanea_extensa,0.630016863,1.932140827
C:/Users/harmera/OneDrive - MWLR/Documents/data/tephritidML/img_unk_sort\trupanea\NZAC04254205.png,trupanea_extensa,0.475648105,2.250310898
C:/Users/harmera/OneDrive - MWLR/Documents/data/tephritidML/img_unk_sort\trupanea\NZAC04254206.png,trupanea_centralis,0.967971027,88.21199799
C:/Users/harmera/OneDrive - MWLR/Documents/data/tephritidML/img_unk_sort\trupanea\NZAC04254207.png,trupanea_longipennis,0.559619784,1.669859529
C:/Users/harmera/OneDrive - MWLR/Documents/data/tephritidML/img_unk_sort\trupanea\NZAC04254209.png,trupanea_centralis,0.947550833,73.58224487
C:/Users/harmera/OneDrive - MWLR/Documents/data/tephritidML/img_unk_sort\trupanea\NZAC04254210.png,trupanea_centralis,0.168119252,1.024248481
C:/Users/harmera/OneDrive - MWLR/Documents/data/tephritidML/img_unk_sort\trupanea\NZAC04254211.png,trupanea_centralis,0.759247065,9.694371223
C:/Users/harmera/OneDrive - MWLR/Documents/data/tephritidML/img_unk_sort\trupanea\NZAC04254212.png,trupanea_extensa,0.730600953,4.922993183
C:/Users/harmera/OneDrive - MWLR/Documents/data/tephritidML/img_unk_sort\trupanea\NZAC04254213.png,dacus_distinctus,0.644908905,3.31930232
C:/Users/harmera/OneDrive - MWLR/Documents/data/tephritidML/img_unk_sort\trupanea\NZAC04254214.png,dacus_distinctus,0.832717597,21.7119751
C:/Users/harmera/OneDrive - MWLR/Documents/data/tephritidML/img_unk_sort\trupanea\NZAC04254215.png,dacus_distinctus,0.852502465,8.806972504
C:/Users/harmera/OneDrive - MWLR/Documents/data/tephritidML/img_unk_sort\trupanea\NZAC04254216.png,trupanea_alboapicata,0.503406882,2.036551237
C:/Users/harmera/OneDrive - MWLR/Documents/data/tephritidML/img_unk_sort\trupanea\NZAC04254217.png,trupanea_centralis,0.574357986,2.648404598
C:/Users/harmera/OneDrive - MWLR/Documents/data/tephritidML/img_unk_sort\trupanea\NZAC04254218.png,trupanea_centralis,0.490669817,3.924104452
C:/Users/harmera/OneDrive - MWLR/Documents/data/tephritidML/img_unk_sort\trupanea\NZAC04254219.png,trupanea_centralis,0.817245066,8.602906227
C:/Users/harmera/OneDrive - MWLR/Documents/data/tephritidML/img_unk_sort\trupanea\NZAC04254221.png,trupanea_longipennis,0.358283401,1.217681766
C:/Users/harmera/OneDrive - MWLR/Documents/data/tephritidML/img_unk_sort\trupanea\NZAC04254222.png,trupanea_longipennis,0.656270921,3.251766205
C:/Users/harmera/OneDrive - MWLR/Documents/data/tephritidML/img_unk_sort\trupanea\NZAC04254223.png,trupanea_centralis,0.813877285,6.109874725
C:/Users/harmera/OneDrive - MWLR/Documents/data/tephritidML/img_unk_sort\trupanea\NZAC04254224.png,dacus_distinctus,0.52449131,2.251004457
C:/Users/harmera/OneDrive - MWLR/Documents/data/tephritidML/img_unk_sort\trupanea\NZAC04254225.png,dacus_distinctus,0.451086372,1.634030819
C:/Users/harmera/OneDrive - MWLR/Documents/data/tephritidML/img_unk_sort\trupanea\NZAC04254226.png,trupanea_longipennis,0.786561251,5.482079506
C:/Users/harmera/OneDrive - MWLR/Documents/data/tephritidML/img_unk_sort\trupanea\NZAC04254227.png,trupanea_centralis,0.504813612,2.479798317
C:/Users/harmera/OneDrive - MWLR/Documents/data/tephritidML/img_unk_sort\trupanea\NZAC04254229.png,trupanea_centralis,0.906716466,18.10021973
C:/Users/harmera/OneDrive - MWLR/Documents/data/tephritidML/img_unk_sort\trupanea\NZAC04254230.png,trupanea_centralis,0.854251623,15.10711193
C:/Users/harmera/OneDrive - MWLR/Documents/data/tephritidML/img_unk_sort\trupanea\NZAC04254231.png,dacus_distinctus,0.654991031,3.951004267
C:/Users/harmera/OneDrive - MWLR/Documents/data/tephritidML/img_unk_sort\trupanea\NZAC04254232.png,dacus_distinctus,0.818453312,12.94011974
C:/Users/harmera/OneDrive - MWLR/Documents/data/tephritidML/img_unk_sort\trupanea\NZAC04254233.png,trupanea_longipennis,0.483568013,1.438723087
C:/Users/harmera/OneDrive - MWLR/Documents/data/tephritidML/img_unk_sort\trupanea\NZAC04254234.png,trupanea_fenwicki,0.997680306,631.4760742
C:/Users/harmera/OneDrive - MWLR/Documents/data/tephritidML/img_unk_sort\trupanea\NZAC04254235.png,trupanea_fenwicki,0.978156805,142.394165
C:/Users/harmera/OneDrive - MWLR/Documents/data/tephritidML/img_unk_sort\trupanea\NZAC04254236.png,trupanea_fenwicki,0.975441754,62.24687195
C:/Users/harmera/OneDrive - MWLR/Documents/data/tephritidML/img_unk_sort\trupanea\NZAC04254237.png,trupanea_fenwicki,0.992197812,544.6473389
C:/Users/harmera/OneDrive - MWLR/Documents/data/tephritidML/img_unk_sort\trupanea\NZAC04254238.png,trupanea_fenwicki,0.993234217,407.4175415
C:/Users/harmera/OneDrive - MWLR/Documents/data/tephritidML/img_unk_sort\trupanea\NZAC04254240.png,trupanea_fenwicki,0.969507456,102.4268036
C:/Users/harmera/OneDrive - MWLR/Documents/data/tephritidML/img_unk_sort\trupanea\NZAC04254241.png,trupanea_fenwicki,0.995177746,505.2680359
C:/Users/harmera/OneDrive - MWLR/Documents/data/tephritidML/img_unk_sort\trupanea\NZAC04254242.png,austrotephritis_marginata,0.387525499,2.222980499
C:/Users/harmera/OneDrive - MWLR/Documents/data/tephritidML/img_unk_sort\trupanea\NZAC04254243.png,trupanea_fenwicki,0.96854341,51.56871796
C:/Users/harmera/OneDrive - MWLR/Documents/data/tephritidML/img_unk_sort\trupanea\NZAC04254244.png,trupanea_fenwicki,0.9887622,244.5537262
C:/Users/harmera/OneDrive - MWLR/Documents/data/tephritidML/img_unk_sort\trupanea\NZAC04254245.png,trupanea_fenwicki,0.975802481,55.02012634
C:/Users/harmera/OneDrive - MWLR/Documents/data/tephritidML/img_unk_sort\trupanea\NZAC04254246.png,trupanea_fenwicki,0.993769348,304.2264709
C:/Users/harmera/OneDrive - MWLR/Documents/data/tephritidML/img_unk_sort\trupanea\NZAC04254247.png,trupanea_fenwicki,0.9304775,30.08387375
C:/Users/harmera/OneDrive - MWLR/Documents/data/tephritidML/img_unk_sort\trupanea\NZAC04254248.png,trupanea_fenwicki,0.943015873,24.57509041
C:/Users/harmera/OneDrive - MWLR/Documents/data/tephritidML/img_unk_sort\trupanea\NZAC04254249.png,trupanea_fenwicki,0.969196618,49.61837769
C:/Users/harmera/OneDrive - MWLR/Documents/data/tephritidML/img_unk_sort\trupanea\NZAC04254251.png,trupanea_fenwicki,0.911784887,41.36598206
C:/Users/harmera/OneDrive - MWLR/Documents/data/tephritidML/img_unk_sort\trupanea\NZAC04254252.png,trupanea_fenwicki,0.941664815,59.09421158
C:/Users/harmera/OneDrive - MWLR/Documents/data/tephritidML/img_unk_sort\trupanea\NZAC04254253.png,trupanea_fenwicki,0.991267145,511.9201965
C:/Users/harmera/OneDrive - MWLR/Documents/data/tephritidML/img_unk_sort\trupanea\NZAC04254254.png,trupanea_fenwicki,0.996908247,749.4927979
C:/Users/harmera/OneDrive - MWLR/Documents/data/tephritidML/img_unk_sort\trupanea\NZAC04254255.png,trupanea_fenwicki,0.967101336,53.36920166
C:/Users/harmera/OneDrive - MWLR/Documents/data/tephritidML/img_unk_sort\trupanea\NZAC04254256.png,trupanea_fenwicki,0.98355639,250.9515686
C:/Users/harmera/OneDrive - MWLR/Documents/data/tephritidML/img_unk_sort\trupanea\NZAC04254257.png,trupanea_fenwicki,0.997730315,801.2128906
C:/Users/harmera/OneDrive - MWLR/Documents/data/tephritidML/img_unk_sort\trupanea\NZAC04254258.png,trupanea_fenwicki,0.930498838,21.37648201
C:/Users/harmera/OneDrive - MWLR/Documents/data/tephritidML/img_unk_sort\trupanea\NZAC04254259.png,urophora_cardui,0.241694301,1.36870122
C:/Users/harmera/OneDrive - MWLR/Documents/data/tephritidML/img_unk_sort\trupanea\NZAC04254260.png,trupanea_fenwicki,0.924096704,65.12392426
C:/Users/harmera/OneDrive - MWLR/Documents/data/tephritidML/img_unk_sort\trupanea\NZAC04254261.png,trupanea_fenwicki,0.994187355,582.6224365
C:/Users/harmera/OneDrive - MWLR/Documents/data/tephritidML/img_unk_sort\trupanea\NZAC04254262.png,trupanea_fenwicki,0.98505336,207.5291595
C:/Users/harmera/OneDrive - MWLR/Documents/data/tephritidML/img_unk_sort\trupanea\NZAC04254263.png,trupanea_fenwicki,0.976859629,153.1789246
C:/Users/harmera/OneDrive - MWLR/Documents/data/tephritidML/img_unk_sort\trupanea\NZAC04254264.png,trupanea_fenwicki,0.97858572,198.9993591
C:/Users/harmera/OneDrive - MWLR/Documents/data/tephritidML/img_unk_sort\trupanea\NZAC04254265.png,trupanea_fenwicki,0.957884431,91.33721161
C:/Users/harmera/OneDrive - MWLR/Documents/data/tephritidML/img_unk_sort\trupanea\NZAC04254266.png,trupanea_fenwicki,0.99214071,301.0617676
C:/Users/harmera/OneDrive - MWLR/Documents/data/tephritidML/img_unk_sort\trupanea\NZAC04254269.png,trupanea_fenwicki,0.995797753,526.262146
C:/Users/harmera/OneDrive - MWLR/Documents/data/tephritidML/img_unk_sort\trupanea\NZAC04254270.png,trupanea_fenwicki,0.959174812,36.46360016
C:/Users/harmera/OneDrive - MWLR/Documents/data/tephritidML/img_unk_sort\trupanea\NZAC04254271.png,trupanea_fenwicki,0.985505641,123.5121384
C:/Users/harmera/OneDrive - MWLR/Documents/data/tephritidML/img_unk_sort\trupanea\NZAC04254272.png,trupanea_fenwicki,0.979194701,53.82430649
C:/Users/harmera/OneDrive - MWLR/Documents/data/tephritidML/img_unk_sort\trupanea\NZAC04254273.png,trupanea_fenwicki,0.898140132,19.13979912
C:/Users/harmera/OneDrive - MWLR/Documents/data/tephritidML/img_unk_sort\trupanea\NZAC04254274.png,trupanea_fenwicki,0.974251688,73.40327454
C:/Users/harmera/OneDrive - MWLR/Documents/data/tephritidML/img_unk_sort\trupanea\NZAC04254275.png,trupanea_fenwicki,0.98668623,215.5271606
C:/Users/harmera/OneDrive - MWLR/Documents/data/tephritidML/img_unk_sort\trupanea\NZAC04254276.png,trupanea_fenwicki,0.939906359,51.93322754
C:/Users/harmera/OneDrive - MWLR/Documents/data/tephritidML/img_unk_sort\trupanea\NZAC04254277.png,trupanea_centralis,0.765849113,6.882129192
C:/Users/harmera/OneDrive - MWLR/Documents/data/tephritidML/img_unk_sort\trupanea\NZAC04254281.png,trupanea_centralis,0.889182687,20.86371994
C:/Users/harmera/OneDrive - MWLR/Documents/data/tephritidML/img_unk_sort\trupanea\NZAC04254282.png,trupanea_centralis,0.965717196,68.16300201
C:/Users/harmera/OneDrive - MWLR/Documents/data/tephritidML/img_unk_sort\trupanea\NZAC04254283.png,trupanea_centralis,0.439561069,1.15228343
C:/Users/harmera/OneDrive - MWLR/Documents/data/tephritidML/img_unk_sort\trupanea\NZAC04254284.png,trupanea_centralis,0.432370782,1.903659344
C:/Users/harmera/OneDrive - MWLR/Documents/data/tephritidML/img_unk_sort\trupanea\NZAC04254285.png,trupanea_centralis,0.4579871,1.714107752
C:/Users/harmera/OneDrive - MWLR/Documents/data/tephritidML/img_unk_sort\trupanea\NZAC04254286.png,trupanea_centralis,0.807685912,7.620004654
C:/Users/harmera/OneDrive - MWLR/Documents/data/tephritidML/img_unk_sort\trupanea\NZAC04254287.png,trupanea_centralis,0.338650793,1.182047248
C:/Users/harmera/OneDrive - MWLR/Documents/data/tephritidML/img_unk_sort\trupanea\NZAC04254288.png,austrotephritis_cassiniae,0.94476372,50.21532822
C:/Users/harmera/OneDrive - MWLR/Documents/data/tephritidML/img_unk_sort\trupanea\NZAC04254289.png,austrotephritis_cassiniae,0.995522261,708.0800781
C:/Users/harmera/OneDrive - MWLR/Documents/data/tephritidML/img_unk_sort\trupanea\NZAC04254290.png,austrotephritis_cassiniae,0.760255933,7.364666939
C:/Users/harmera/OneDrive - MWLR/Documents/data/tephritidML/img_unk_sort\trupanea\NZAC04254292.png,austrotephritis_cassiniae,0.977397859,94.68208313
C:/Users/harmera/OneDrive - MWLR/Documents/data/tephritidML/img_unk_sort\trupanea\NZAC04254293.png,austrotephritis_cassiniae,0.686807394,3.478858232
C:/Users/harmera/OneDrive - MWLR/Documents/data/tephritidML/img_unk_sort\trupanea\NZAC04254294.png,austrotephritis_thoracica,0.736019135,3.598053217
C:/Users/harmera/OneDrive - MWLR/Documents/data/tephritidML/img_unk_sort\trupanea\NZAC04254295.png,austrotephritis_cassiniae,0.861997247,13.08057308
C:/Users/harmera/OneDrive - MWLR/Documents/data/tephritidML/img_unk_sort\trupanea\NZAC04254296.png,austrotephritis_cassiniae,0.895735025,17.47570229
C:/Users/harmera/OneDrive - MWLR/Documents/data/tephritidML/img_unk_sort\trupanea\NZAC04254297.png,austrotephritis_cassiniae,0.836645544,9.378761292
C:/Users/harmera/OneDrive - MWLR/Documents/data/tephritidML/img_unk_sort\trupanea\NZAC04254298.png,austrotephritis_cassiniae,0.709595621,6.722876549
C:/Users/harmera/OneDrive - MWLR/Documents/data/tephritidML/img_unk_sort\trupanea\NZAC04254299.png,austrotephritis_cassiniae,0.70189929,3.452634811
C:/Users/harmera/OneDrive - MWLR/Documents/data/tephritidML/img_unk_sort\trupanea\NZAC04254300.png,trupanea_centralis,0.97609508,66.02377319
C:/Users/harmera/OneDrive - MWLR/Documents/data/tephritidML/img_unk_sort\trupanea\NZAC04254301.png,trupanea_centralis,0.951287687,41.63524628
C:/Users/harmera/OneDrive - MWLR/Documents/data/tephritidML/img_unk_sort\trupanea\NZAC04254302.png,trupanea_centralis,0.884574354,10.79015255
C:/Users/harmera/OneDrive - MWLR/Documents/data/tephritidML/img_unk_sort\trupanea\NZAC04254303.png,trupanea_centralis,0.974344254,79.76551056
C:/Users/harmera/OneDrive - MWLR/Documents/data/tephritidML/img_unk_sort\trupanea\NZAC04254304.png,trupanea_centralis,0.918377817,13.87189674
C:/Users/harmera/OneDrive - MWLR/Documents/data/tephritidML/img_unk_sort\trupanea\NZAC04254305.png,trupanea_centralis,0.827411473,6.884904385
C:/Users/harmera/OneDrive - MWLR/Documents/data/tephritidML/img_unk_sort\trupanea\NZAC04254306.png,trupanea_centralis,0.975946665,58.62981033
C:/Users/harmera/OneDrive - MWLR/Documents/data/tephritidML/img_unk_sort\trupanea\NZAC04254307.png,trupanea_centralis,0.971455336,71.85142517
C:/Users/harmera/OneDrive - MWLR/Documents/data/tephritidML/img_unk_sort\trupanea\NZAC04254308.png,trupanea_centralis,0.946099699,34.34435272
C:/Users/harmera/OneDrive - MWLR/Documents/data/tephritidML/img_unk_sort\trupanea\NZAC04254309.png,trupanea_centralis,0.927960515,24.26149368
C:/Users/harmera/OneDrive - MWLR/Documents/data/tephritidML/img_unk_sort\trupanea\NZAC04254310.png,trupanea_centralis,0.934982419,31.491045
C:/Users/harmera/OneDrive - MWLR/Documents/data/tephritidML/img_unk_sort\trupanea\NZAC04254311.png,trupanea_centralis,0.433866024,2.516725302
C:/Users/harmera/OneDrive - MWLR/Documents/data/tephritidML/img_unk_sort\trupanea\NZAC04254312.png,trupanea_longipennis,0.337012172,1.140352607
C:/Users/harmera/OneDrive - MWLR/Documents/data/tephritidML/img_unk_sort\trupanea\NZAC04254313.png,trupanea_centralis,0.772738039,4.437678814
C:/Users/harmera/OneDrive - MWLR/Documents/data/tephritidML/img_unk_sort\trupanea\NZAC04254314.png,trupanea_centralis,0.699401021,3.263565779
C:/Users/harmera/OneDrive - MWLR/Documents/data/tephritidML/img_unk_sort\trupanea\NZAC04254316.png,trupanea_extensa,0.624268055,2.56216073
C:/Users/harmera/OneDrive - MWLR/Documents/data/tephritidML/img_unk_sort\trupanea\NZAC04254317.png,trupanea_longipennis,0.963810205,104.9999313
C:/Users/harmera/OneDrive - MWLR/Documents/data/tephritidML/img_unk_sort\trupanea\NZAC04254318.png,trupanea_longipennis,0.940168977,30.62841606
C:/Users/harmera/OneDrive - MWLR/Documents/data/tephritidML/img_unk_sort\trupanea\NZAC04254319.png,trupanea_longipennis,0.965405226,70.50616455
C:/Users/harmera/OneDrive - MWLR/Documents/data/tephritidML/img_unk_sort\trupanea\NZAC04254320.png,trupanea_centralis,0.896410525,15.90745449
C:/Users/harmera/OneDrive - MWLR/Documents/data/tephritidML/img_unk_sort\trupanea\NZAC04254321.png,trupanea_centralis,0.422236413,1.448850036
C:/Users/harmera/OneDrive - MWLR/Documents/data/tephritidML/img_unk_sort\trupanea\NZAC04254322.png,trupanea_longipennis,0.884130657,20.69808006
C:/Users/harmera/OneDrive - MWLR/Documents/data/tephritidML/img_unk_sort\trupanea\NZAC04254323.png,urophora_cardui,0.465082109,1.974687576
C:/Users/harmera/OneDrive - MWLR/Documents/data/tephritidML/img_unk_sort\trupanea\NZAC04254324.png,trupanea_centralis,0.492053628,2.199745655
C:/Users/harmera/OneDrive - MWLR/Documents/data/tephritidML/img_unk_sort\trupanea\NZAC04254325.png,trupanea_centralis,0.792708755,8.89736557
C:/Users/harmera/OneDrive - MWLR/Documents/data/tephritidML/img_unk_sort\trupanea\NZAC04254326.png,trupanea_fenwicki,0.627646863,4.396910667
C:/Users/harmera/OneDrive - MWLR/Documents/data/tephritidML/img_unk_sort\trupanea\NZAC04254327.png,trupanea_centralis,0.718822122,5.928273201
C:/Users/harmera/OneDrive - MWLR/Documents/data/tephritidML/img_unk_sort\trupanea\NZAC04254328.png,trupanea_extensa,0.879481196,8.465524673
C:/Users/harmera/OneDrive - MWLR/Documents/data/tephritidML/img_unk_sort\trupanea\NZAC04254329.png,trupanea_centralis,0.817139924,7.397966862
C:/Users/harmera/OneDrive - MWLR/Documents/data/tephritidML/img_unk_sort\trupanea\NZAC04254330.png,trupanea_centralis,0.706032813,3.346281528
C:/Users/harmera/OneDrive - MWLR/Documents/data/tephritidML/img_unk_sort\trupanea\NZAC04254331.png,austrotephritis_plebeia,0.473906249,2.400440454
C:/Users/harmera/OneDrive - MWLR/Documents/data/tephritidML/img_unk_sort\trupanea\NZAC04254332.png,trupanea_centralis,0.405887991,2.193895817
C:/Users/harmera/OneDrive - MWLR/Documents/data/tephritidML/img_unk_sort\trupanea\NZAC04254333.png,dacus_distinctus,0.510350823,2.705235481
C:/Users/harmera/OneDrive - MWLR/Documents/data/tephritidML/img_unk_sort\trupanea\NZAC04254334.png,urophora_cardui,0.377619863,1.505958319
C:/Users/harmera/OneDrive - MWLR/Documents/data/tephritidML/img_unk_sort\trupanea\NZAC04254335.png,trupanea_centralis,0.675680339,6.859974861
C:/Users/harmera/OneDrive - MWLR/Documents/data/tephritidML/img_unk_sort\trupanea\NZAC04254336.png,trupanea_centralis,0.912525117,14.84715462
C:/Users/harmera/OneDrive - MWLR/Documents/data/tephritidML/img_unk_sort\trupanea\NZAC04254337.png,trupanea_centralis,0.868604243,14.46792793
C:/Users/harmera/OneDrive - MWLR/Documents/data/tephritidML/img_unk_sort\trupanea\NZAC04254338.png,trupanea_centralis,0.947984755,26.70318222
C:/Users/harmera/OneDrive - MWLR/Documents/data/tephritidML/img_unk_sort\trupanea\NZAC04254339.png,trupanea_centralis,0.792075038,4.833054543
C:/Users/harmera/OneDrive - MWLR/Documents/data/tephritidML/img_unk_sort\trupanea\NZAC04254341.png,trupanea_centralis,0.877288938,9.271073341
C:/Users/harmera/OneDrive - MWLR/Documents/data/tephritidML/img_unk_sort\trupanea\NZAC04254342.png,trupanea_centralis,0.775094628,4.828865528
C:/Users/harmera/OneDrive - MWLR/Documents/data/tephritidML/img_unk_sort\trupanea\NZAC04254343.png,trupanea_centralis,0.898941576,31.17765808
C:/Users/harmera/OneDrive - MWLR/Documents/data/tephritidML/img_unk_sort\trupanea\NZAC04254344.png,trupanea_fenwicki,0.999312878,5031.117676
C:/Users/harmera/OneDrive - MWLR/Documents/data/tephritidML/img_unk_sort\trupanea\NZAC04254345.png,trupanea_fenwicki,0.910995305,25.84162331
C:/Users/harmera/OneDrive - MWLR/Documents/data/tephritidML/img_unk_sort\trupanea\NZAC04254346.png,trupanea_fenwicki,0.990438759,129.1965942
C:/Users/harmera/OneDrive - MWLR/Documents/data/tephritidML/img_unk_sort\trupanea\NZAC04254348.png,trupanea_fenwicki,0.994303346,259.928894
C:/Users/harmera/OneDrive - MWLR/Documents/data/tephritidML/img_unk_sort\trupanea\NZAC04254349.png,urophora_cardui,0.404131413,2.578802109
C:/Users/harmera/OneDrive - MWLR/Documents/data/tephritidML/img_unk_sort\trupanea\NZAC04254350.png,trupanea_fenwicki,0.972200871,46.38935089
C:/Users/harmera/OneDrive - MWLR/Documents/data/tephritidML/img_unk_sort\trupanea\NZAC04254351.png,trupanea_fenwicki,0.687551916,5.606685162
C:/Users/harmera/OneDrive - MWLR/Documents/data/tephritidML/img_unk_sort\trupanea\NZAC04254352.png,trupanea_fenwicki,0.995769024,1240.77356
C:/Users/harmera/OneDrive - MWLR/Documents/data/tephritidML/img_unk_sort\trupanea\NZAC04254353.png,trupanea_fenwicki,0.984667063,207.8788605
C:/Users/harmera/OneDrive - MWLR/Documents/data/tephritidML/img_unk_sort\trupanea\NZAC04254354.png,trupanea_fenwicki,0.953038216,33.72224045
C:/Users/harmera/OneDrive - MWLR/Documents/data/tephritidML/img_unk_sort\trupanea\NZAC04254355.png,trupanea_fenwicki,0.952386498,29.62145805
C:/Users/harmera/OneDrive - MWLR/Documents/data/tephritidML/img_unk_sort\trupanea\NZAC04254356.png,trupanea_fenwicki,0.915451527,20.63972855
C:/Users/harmera/OneDrive - MWLR/Documents/data/tephritidML/img_unk_sort\trupanea\NZAC04254357.png,trupanea_fenwicki,0.988134742,104.2551804
C:/Users/harmera/OneDrive - MWLR/Documents/data/tephritidML/img_unk_sort\trupanea\NZAC04254358.png,trupanea_fenwicki,0.972227693,72.38127136
C:/Users/harmera/OneDrive - MWLR/Documents/data/tephritidML/img_unk_sort\trupanea\NZAC04254359.png,trupanea_fenwicki,0.976013899,125.0119324
C:/Users/harmera/OneDrive - MWLR/Documents/data/tephritidML/img_unk_sort\trupanea\NZAC04254360.png,trupanea_fenwicki,0.996680677,563.1646118
C:/Users/harmera/OneDrive - MWLR/Documents/data/tephritidML/img_unk_sort\trupanea\NZAC04254361.png,trupanea_fenwicki,0.998693883,1945.430054
C:/Users/harmera/OneDrive - MWLR/Documents/data/tephritidML/img_unk_sort\trupanea\NZAC04254362.png,trupanea_fenwicki,0.973546565,65.90854645
C:/Users/harmera/OneDrive - MWLR/Documents/data/tephritidML/img_unk_sort\trupanea\NZAC04254363.png,trupanea_fenwicki,0.998106837,1770.398682
C:/Users/harmera/OneDrive - MWLR/Documents/data/tephritidML/img_unk_sort\trupanea\NZAC04254364.png,trupanea_fenwicki,0.843266845,18.24726105
C:/Users/harmera/OneDrive - MWLR/Documents/data/tephritidML/img_unk_sort\trupanea\NZAC04254365.png,trupanea_fenwicki,0.986941516,149.3177032
C:/Users/harmera/OneDrive - MWLR/Documents/data/tephritidML/img_unk_sort\trupanea\NZAC04254366.png,trupanea_fenwicki,0.929193377,17.85038757
C:/Users/harmera/OneDrive - MWLR/Documents/data/tephritidML/img_unk_sort\trupanea\NZAC04254367.png,trupanea_fenwicki,0.987627268,119.7101288
C:/Users/harmera/OneDrive - MWLR/Documents/data/tephritidML/img_unk_sort\trupanea\NZAC04254368.png,trupanea_fenwicki,0.994671285,353.3374329
C:/Users/harmera/OneDrive - MWLR/Documents/data/tephritidML/img_unk_sort\trupanea\NZAC04254370.png,trupanea_fenwicki,0.828626513,7.710736752
C:/Users/harmera/OneDrive - MWLR/Documents/data/tephritidML/img_unk_sort\trupanea\NZAC04254371.png,trupanea_fenwicki,0.979700506,160.9185333
C:/Users/harmera/OneDrive - MWLR/Documents/data/tephritidML/img_unk_sort\trupanea\NZAC04254372.png,trupanea_fenwicki,0.997001588,545.8536987
C:/Users/harmera/OneDrive - MWLR/Documents/data/tephritidML/img_unk_sort\trupanea\NZAC04254373.png,trupanea_fenwicki,0.825029492,7.850499153
C:/Users/harmera/OneDrive - MWLR/Documents/data/tephritidML/img_unk_sort\trupanea\NZAC04254374.png,trupanea_fenwicki,0.67242533,2.338871241
C:/Users/harmera/OneDrive - MWLR/Documents/data/tephritidML/img_unk_sort\trupanea\NZAC04254375.png,trupanea_fenwicki,0.93800354,36.61673355
C:/Users/harmera/OneDrive - MWLR/Documents/data/tephritidML/img_unk_sort\trupanea\NZAC04254376.png,trupanea_fenwicki,0.986860216,121.3412476
C:/Users/harmera/OneDrive - MWLR/Documents/data/tephritidML/img_unk_sort\trupanea\NZAC04254377.png,trupanea_longipennis,0.386302859,1.262043715
C:/Users/harmera/OneDrive - MWLR/Documents/data/tephritidML/img_unk_sort\trupanea\NZAC04254378.png,trupanea_centralis,0.382860243,1.165581226
C:/Users/harmera/OneDrive - MWLR/Documents/data/tephritidML/img_unk_sort\trupanea\NZAC04254379.png,urophora_cardui,0.343931198,1.264707685
C:/Users/harmera/OneDrive - MWLR/Documents/data/tephritidML/img_unk_sort\trupanea\NZAC04254380.png,trupanea_centralis,0.572323084,2.169462681
C:/Users/harmera/OneDrive - MWLR/Documents/data/tephritidML/img_unk_sort\trupanea\NZAC04254381.png,trupanea_longipennis,0.66285187,3.077455997
C:/Users/harmera/OneDrive - MWLR/Documents/data/tephritidML/img_unk_sort\trupanea\NZAC04254382.png,trupanea_longipennis,0.413182259,1.074698091
C:/Users/harmera/OneDrive - MWLR/Documents/data/tephritidML/img_unk_sort\trupanea\NZAC04254383.png,trupanea_longipennis,0.562656224,2.632581711
C:/Users/harmera/OneDrive - MWLR/Documents/data/tephritidML/img_unk_sort\trupanea\NZAC04254384.png,trupanea_centralis,0.360850036,1.242451668
C:/Users/harmera/OneDrive - MWLR/Documents/data/tephritidML/img_unk_sort\trupanea\NZAC04254385.png,dacus_distinctus,0.535624683,2.030912876
C:/Users/harmera/OneDrive - MWLR/Documents/data/tephritidML/img_unk_sort\trupanea\NZAC04254386.png,dacus_distinctus,0.250304312,1.043790102
C:/Users/harmera/OneDrive - MWLR/Documents/data/tephritidML/img_unk_sort\trupanea\NZAC04254387.png,dacus_distinctus,0.394092858,1.323731542
C:/Users/harmera/OneDrive - MWLR/Documents/data/tephritidML/img_unk_sort\trupanea\NZAC04254388.png,dacus_distinctus,0.542424619,4.60573864
C:/Users/harmera/OneDrive - MWLR/Documents/data/tephritidML/img_unk_sort\trupanea\NZAC04254389.png,trupanea_longipennis,0.522709072,1.822385669
C:/Users/harmera/OneDrive - MWLR/Documents/data/tephritidML/img_unk_sort\trupanea\NZAC04254390.png,trupanea_longipennis,0.731343925,8.866098404
C:/Users/harmera/OneDrive - MWLR/Documents/data/tephritidML/img_unk_sort\trupanea\NZAC04254391.png,dacus_distinctus,0.364023924,1.012699723
C:/Users/harmera/OneDrive - MWLR/Documents/data/tephritidML/img_unk_sort\trupanea\NZAC04254392.png,trupanea_centralis,0.659241736,4.14307642
C:/Users/harmera/OneDrive - MWLR/Documents/data/tephritidML/img_unk_sort\trupanea\NZAC04254393.png,trupanea_centralis,0.736347914,5.276813984
C:/Users/harmera/OneDrive - MWLR/Documents/data/tephritidML/img_unk_sort\trupanea\NZAC04254394.png,trupanea_extensa,0.32309404,1.573599339
C:/Users/harmera/OneDrive - MWLR/Documents/data/tephritidML/img_unk_sort\trupanea\NZAC04254395.png,urophora_cardui,0.227275804,1.004438281
C:/Users/harmera/OneDrive - MWLR/Documents/data/tephritidML/img_unk_sort\trupanea\NZAC04254397.png,urophora_cardui,0.461901039,4.334184647
C:/Users/harmera/OneDrive - MWLR/Documents/data/tephritidML/img_unk_sort\trupanea\NZAC04254398.png,dacus_distinctus,0.174569324,1.111238241
C:/Users/harmera/OneDrive - MWLR/Documents/data/tephritidML/img_unk_sort\trupanea\NZAC04254399.png,trupanea_alboapicata,0.260824203,1.121954203
C:/Users/harmera/OneDrive - MWLR/Documents/data/tephritidML/img_unk_sort\trupanea\NZAC04254400.png,trupanea_centralis,0.752765894,4.287248135
C:/Users/harmera/OneDrive - MWLR/Documents/data/tephritidML/img_unk_sort\trupanea\NZAC04254401.png,trupanea_centralis,0.600073516,3.24168539
C:/Users/harmera/OneDrive - MWLR/Documents/data/tephritidML/img_unk_sort\trupanea\NZAC04254402.png,trupanea_centralis,0.900314391,17.46843338
C:/Users/harmera/OneDrive - MWLR/Documents/data/tephritidML/img_unk_sort\trupanea\NZAC04254405.png,trupanea_alboapicata,0.618013382,4.097607613
C:/Users/harmera/OneDrive - MWLR/Documents/data/tephritidML/img_unk_sort\trupanea\NZAC04254406.png,trupanea_centralis,0.49560535,1.039716244
C:/Users/harmera/OneDrive - MWLR/Documents/data/tephritidML/img_unk_sort\trupanea\NZAC04254407.png,trupanea_centralis,0.83684051,8.534484863
C:/Users/harmera/OneDrive - MWLR/Documents/data/tephritidML/img_unk_sort\trupanea\NZAC04254408.png,trupanea_extensa,0.638067126,2.439244032
C:/Users/harmera/OneDrive - MWLR/Documents/data/tephritidML/img_unk_sort\trupanea\NZAC04254409.png,trupanea_extensa,0.843435585,10.8137722
C:/Users/harmera/OneDrive - MWLR/Documents/data/tephritidML/img_unk_sort\trupanea\NZAC04254410.png,trupanea_centralis,0.970273793,64.42775726
C:/Users/harmera/OneDrive - MWLR/Documents/data/tephritidML/img_unk_sort\trupanea\NZAC04254411.png,austrotephritis_cassiniae,0.872754455,16.07204628
C:/Users/harmera/OneDrive - MWLR/Documents/data/tephritidML/img_unk_sort\trupanea\NZAC04254413.png,trupanea_longipennis,0.903374672,27.73917007
C:/Users/harmera/OneDrive - MWLR/Documents/data/tephritidML/img_unk_sort\trupanea\NZAC04254414.png,trupanea_extensa,0.699436426,4.283731937
C:/Users/harmera/OneDrive - MWLR/Documents/data/tephritidML/img_unk_sort\trupanea\NZAC04254415.png,trupanea_longipennis,0.982138038,104.9006958
C:/Users/harmera/OneDrive - MWLR/Documents/data/tephritidML/img_unk_sort\trupanea\NZAC04254416.png,trupanea_extensa,0.284061432,1.002209187
C:/Users/harmera/OneDrive - MWLR/Documents/data/tephritidML/img_unk_sort\trupanea\NZAC04254417.png,austrotephritis_marginata,0.650544941,4.569354534
C:/Users/harmera/OneDrive - MWLR/Documents/data/tephritidML/img_unk_sort\trupanea\NZAC04254418.png,trupanea_centralis,0.398359656,1.225587487
C:/Users/harmera/OneDrive - MWLR/Documents/data/tephritidML/img_unk_sort\trupanea\NZAC04255165.png,trupanea_centralis,0.505215585,2.770135641
C:/Users/harmera/OneDrive - MWLR/Documents/data/tephritidML/img_unk_sort\trupanea\NZAC04255166.png,trupanea_fenwicki,0.998318672,1652.738892
C:/Users/harmera/OneDrive - MWLR/Documents/data/tephritidML/img_unk_sort\trupanea\NZAC04255167.png,trupanea_fenwicki,0.918012083,14.25147343
C:/Users/harmera/OneDrive - MWLR/Documents/data/tephritidML/img_unk_sort\trupanea\NZAC04255168.png,sphenella_fascigera,0.210986897,1.116271257
C:/Users/harmera/OneDrive - MWLR/Documents/data/tephritidML/img_unk_sort\trupanea\NZAC04255169.png,trupanea_fenwicki,0.994644523,447.0671387
C:/Users/harmera/OneDrive - MWLR/Documents/data/tephritidML/img_unk_sort\trupanea\NZAC04255170.png,trupanea_fenwicki,0.788689494,7.210312843
C:/Users/harmera/OneDrive - MWLR/Documents/data/tephritidML/img_unk_sort\trupanea\NZAC04255171.png,trupanea_fenwicki,0.991895854,204.6961975
C:/Users/harmera/OneDrive - MWLR/Documents/data/tephritidML/img_unk_sort\trupanea\NZAC04255172.png,trupanea_fenwicki,0.996643186,709.2202148
C:/Users/harmera/OneDrive - MWLR/Documents/data/tephritidML/img_unk_sort\trupanea\NZAC04255173.png,trupanea_fenwicki,0.709834397,4.898455143
C:/Users/harmera/OneDrive - MWLR/Documents/data/tephritidML/img_unk_sort\trupanea\NZAC04255174.png,trupanea_fenwicki,0.987108946,232.1152649
C:/Users/harmera/OneDrive - MWLR/Documents/data/tephritidML/img_unk_sort\trupanea\NZAC04255175.png,trupanea_extensa,0.867693186,8.313970566
C:/Users/harmera/OneDrive - MWLR/Documents/data/tephritidML/img_unk_sort\trupanea\NZAC04255176.png,trupanea_longipennis,0.892645657,18.19706535
C:/Users/harmera/OneDrive - MWLR/Documents/data/tephritidML/img_unk_sort\trupanea\NZAC04255177.png,trupanea_extensa,0.677476466,6.377707481
C:/Users/harmera/OneDrive - MWLR/Documents/data/tephritidML/img_unk_sort\trupanea\NZAC04255178.png,trupanea_longipennis,0.562366903,2.584319115
